{"info":{"year":"2024","version":"1","description":"Exported from roboflow.com","contributor":"","url":"https://public.roboflow.com/object-detection/undefined","date_created":"2024-05-14T00:20:56+00:00"},"licenses":[{"id":1,"url":"https://choosealicense.com/licenses/mit/","name":"MIT"}],"categories":[{"id":0,"name":"psilidios","supercategory":"none"},{"id":1,"name":"psilidios","supercategory":"psilidios"}],"images":[{"id":0,"license":1,"file_name":"20240324_162502_jpg.rf.00db4a6ef17209ed235015610f2d197b.jpg","height":640,"width":640,"date_captured":"2024-05-14T00:20:56+00:00"},{"id":1,"license":1,"file_name":"20240324_163018-0-_jpg.rf.0cd0eaead63a48bb1deb62396f3006c0.jpg","height":640,"width":640,"date_captured":"2024-05-14T00:20:56+00:00"},{"id":2,"license":1,"file_name":"20240324_163433_jpg.rf.0d7acd1576c16742c3125ef2b5588048.jpg","height":640,"width":640,"date_captured":"2024-05-14T00:20:56+00:00"},{"id":3,"license":1,"file_name":"20240324_163431_jpg.rf.106f5b7802efed00706ed75225966dca.jpg","height":640,"width":640,"date_captured":"2024-05-14T00:20:56+00:00"},{"id":4,"license":1,"file_name":"20240324_163523_jpg.rf.03446c17bd63fc3bb41621dbea4272f1.jpg","height":640,"width":640,"date_captured":"2024-05-14T00:20:56+00:00"},{"id":5,"license":1,"file_name":"20240324_163135_jpg.rf.0de016d3cbdb3b3e1cbe372e4b89e08a.jpg","height":640,"width":640,"date_captured":"2024-05-14T00:20:56+00:00"},{"id":6,"license":1,"file_name":"20240324_163127_jpg.rf.00ccd5cee5f7ab4640ed7a0ca5e3f90c.jpg","height":640,"width":640,"date_captured":"2024-05-14T00:20:56+00:00"},{"id":7,"license":1,"file_name":"20240324_163754_jpg.rf.04c3e7859ba5e6ffa7f0127a2cd36949.jpg","height":640,"width":640,"date_captured":"2024-05-14T00:20:56+00:00"},{"id":8,"license":1,"file_name":"20240324_163024_jpg.rf.05a1e5b08527ea3edc369b999c5ab7d6.jpg","height":640,"width":640,"date_captured":"2024-05-14T00:20:56+00:00"},{"id":9,"license":1,"file_name":"20240324_162733_jpg.rf.01a4ed093f21c7b3f324d49ae25c15c5.jpg","height":640,"width":640,"date_captured":"2024-05-14T00:20:56+00:00"},{"id":10,"license":1,"file_name":"20240324_162648_jpg.rf.0b54b1afe495e078fb079a7c537b5778.jpg","height":640,"width":640,"date_captured":"2024-05-14T00:20:56+00:00"},{"id":11,"license":1,"file_name":"20240324_163106-0-_jpg.rf.1ac6e26ea568cecbae6693f36ab5bb01.jpg","height":640,"width":640,"date_captured":"2024-05-14T00:20:56+00:00"},{"id":12,"license":1,"file_name":"20240324_164035_jpg.rf.050b3d9baefe279eb4ceff22e4f7fdea.jpg","height":640,"width":640,"date_captured":"2024-05-14T00:20:56+00:00"},{"id":13,"license":1,"file_name":"20240324_163755_jpg.rf.18f6e9d63fc2d893944daaf42635d839.jpg","height":640,"width":640,"date_captured":"2024-05-14T00:20:56+00:00"},{"id":14,"license":1,"file_name":"20240324_162559_jpg.rf.192e5de4c574b1b0c687c01d6a3c5c1b.jpg","height":640,"width":640,"date_captured":"2024-05-14T00:20:56+00:00"},{"id":15,"license":1,"file_name":"20240324_163347-0-_jpg.rf.11870916df8bdb0e913479ab6d5b95f3.jpg","height":640,"width":640,"date_captured":"2024-05-14T00:20:56+00:00"},{"id":16,"license":1,"file_name":"20240324_162528_jpg.rf.10ae7f4f7199d9d838cbbd980fafec2d.jpg","height":640,"width":640,"date_captured":"2024-05-14T00:20:56+00:00"},{"id":17,"license":1,"file_name":"20240324_163435-0-_jpg.rf.1c0c5fcc113dd96b09f56e467ecd8d88.jpg","height":640,"width":640,"date_captured":"2024-05-14T00:20:56+00:00"},{"id":18,"license":1,"file_name":"20240324_163541-0-_jpg.rf.1e3d910401cb4c0b8d4397b54b027a87.jpg","height":640,"width":640,"date_captured":"2024-05-14T00:20:56+00:00"},{"id":19,"license":1,"file_name":"20240324_162640_jpg.rf.1f419ee286c47eb8fa72d378f432b963.jpg","height":640,"width":640,"date_captured":"2024-05-14T00:20:56+00:00"},{"id":20,"license":1,"file_name":"20240324_163324_jpg.rf.3a5f59ac5fe71991ca22273e7b5b6770.jpg","height":640,"width":640,"date_captured":"2024-05-14T00:20:56+00:00"},{"id":21,"license":1,"file_name":"20240324_162608_jpg.rf.323462f866ce24c91a49bce6a43bdb1c.jpg","height":640,"width":640,"date_captured":"2024-05-14T00:20:56+00:00"},{"id":22,"license":1,"file_name":"20240324_163811_jpg.rf.2d3ab2da2dbc073a3767aaf10abaefe7.jpg","height":640,"width":640,"date_captured":"2024-05-14T00:20:56+00:00"},{"id":23,"license":1,"file_name":"20240324_162932_jpg.rf.1b8c9017bb00ac179660303bb05d8fbd.jpg","height":640,"width":640,"date_captured":"2024-05-14T00:20:56+00:00"},{"id":24,"license":1,"file_name":"20240324_162937-0-_jpg.rf.1b54a01581b752f6e1b772b1fff31800.jpg","height":640,"width":640,"date_captured":"2024-05-14T00:20:56+00:00"},{"id":25,"license":1,"file_name":"20240324_163544_jpg.rf.2930f39376301d2377ba77474bc74d3b.jpg","height":640,"width":640,"date_captured":"2024-05-14T00:20:56+00:00"},{"id":26,"license":1,"file_name":"20240324_162913_jpg.rf.426ca9469b3ccf15df6e8d0da0b2ce7f.jpg","height":640,"width":640,"date_captured":"2024-05-14T00:20:56+00:00"},{"id":27,"license":1,"file_name":"20240324_162958_jpg.rf.432ca0f64a309675855da5ecb26347b2.jpg","height":640,"width":640,"date_captured":"2024-05-14T00:20:56+00:00"},{"id":28,"license":1,"file_name":"20240324_163541_jpg.rf.474870aeb21bfb6dacbb633377396d58.jpg","height":640,"width":640,"date_captured":"2024-05-14T00:20:56+00:00"},{"id":29,"license":1,"file_name":"20240324_162940_jpg.rf.245dfdbd57ff073305e62d77eef42d61.jpg","height":640,"width":640,"date_captured":"2024-05-14T00:20:56+00:00"},{"id":30,"license":1,"file_name":"20240324_163725_jpg.rf.4605b5314a849a174645050eb97f6a24.jpg","height":640,"width":640,"date_captured":"2024-05-14T00:20:56+00:00"},{"id":31,"license":1,"file_name":"20240324_163328_jpg.rf.472947c865c6c23e794465b4f159a411.jpg","height":640,"width":640,"date_captured":"2024-05-14T00:20:56+00:00"},{"id":32,"license":1,"file_name":"20240324_162513_jpg.rf.30df9761e286e0fb9ec8a637880e2ec9.jpg","height":640,"width":640,"date_captured":"2024-05-14T00:20:56+00:00"},{"id":33,"license":1,"file_name":"20240324_162814_jpg.rf.42baea624364508be9c4033f9a9895ee.jpg","height":640,"width":640,"date_captured":"2024-05-14T00:20:56+00:00"},{"id":34,"license":1,"file_name":"20240324_163506_jpg.rf.25be1685232fb2082a9210bbee69a4ee.jpg","height":640,"width":640,"date_captured":"2024-05-14T00:20:56+00:00"},{"id":35,"license":1,"file_name":"20240324_163810_jpg.rf.3cdcc8377a2e66e0615489a008b796a0.jpg","height":640,"width":640,"date_captured":"2024-05-14T00:20:56+00:00"},{"id":36,"license":1,"file_name":"20240324_163030_jpg.rf.478c24c0660b26805d2b7ff2951641da.jpg","height":640,"width":640,"date_captured":"2024-05-14T00:20:56+00:00"},{"id":37,"license":1,"file_name":"20240324_162845_jpg.rf.37f868f5d9da8055b2018ca50376c0d9.jpg","height":640,"width":640,"date_captured":"2024-05-14T00:20:56+00:00"},{"id":38,"license":1,"file_name":"20240324_163442-0-_jpg.rf.47610bc3efd88b3e7949fb2f110a20e8.jpg","height":640,"width":640,"date_captured":"2024-05-14T00:20:56+00:00"},{"id":39,"license":1,"file_name":"20240324_163340_jpg.rf.42fc1727b46844717bf28011b5982438.jpg","height":640,"width":640,"date_captured":"2024-05-14T00:20:56+00:00"},{"id":40,"license":1,"file_name":"20240324_163442_jpg.rf.381e75214745aa42b85f98cc81251ef2.jpg","height":640,"width":640,"date_captured":"2024-05-14T00:20:56+00:00"},{"id":41,"license":1,"file_name":"20240324_163152_jpg.rf.323aee0d29b258cdfc16388fb0d5d2d4.jpg","height":640,"width":640,"date_captured":"2024-05-14T00:20:56+00:00"},{"id":42,"license":1,"file_name":"20240324_163435_jpg.rf.4799a6b9765a1705245d2acdb07b693b.jpg","height":640,"width":640,"date_captured":"2024-05-14T00:20:56+00:00"},{"id":43,"license":1,"file_name":"20240324_163521_jpg.rf.495a246b7ea923ea629a096db0fdf18a.jpg","height":640,"width":640,"date_captured":"2024-05-14T00:20:56+00:00"},{"id":44,"license":1,"file_name":"20240324_163458_jpg.rf.498bba108e79676195cdb8f50b745aaf.jpg","height":640,"width":640,"date_captured":"2024-05-14T00:20:56+00:00"},{"id":45,"license":1,"file_name":"20240324_164038-0-_jpg.rf.4f0cb039a2fad0705363fd238abe1af7.jpg","height":640,"width":640,"date_captured":"2024-05-14T00:20:56+00:00"},{"id":46,"license":1,"file_name":"20240324_163544-0-_jpg.rf.529f5d30cb16ea37d0faae19287bfd1c.jpg","height":640,"width":640,"date_captured":"2024-05-14T00:20:56+00:00"},{"id":47,"license":1,"file_name":"20240324_163558_jpg.rf.4cb8e1168758bb89462d2eae0ce05db1.jpg","height":640,"width":640,"date_captured":"2024-05-14T00:20:56+00:00"},{"id":48,"license":1,"file_name":"20240324_163551_jpg.rf.5b10d1262c63e8e9c6087b274c1649c5.jpg","height":640,"width":640,"date_captured":"2024-05-14T00:20:56+00:00"},{"id":49,"license":1,"file_name":"20240324_162438_jpg.rf.4e298870148cfe9828217e2dd14f2dcf.jpg","height":640,"width":640,"date_captured":"2024-05-14T00:20:56+00:00"},{"id":50,"license":1,"file_name":"20240324_163528-0-_jpg.rf.495c94af8f3f302e57ff820ee542beab.jpg","height":640,"width":640,"date_captured":"2024-05-14T00:20:56+00:00"},{"id":51,"license":1,"file_name":"20240324_162849_jpg.rf.49e198790a99bc78c9ff6d7ca4b93cfa.jpg","height":640,"width":640,"date_captured":"2024-05-14T00:20:56+00:00"},{"id":52,"license":1,"file_name":"20240324_162920_jpg.rf.53a9caefe62cf0e291f4e46a45bc108d.jpg","height":640,"width":640,"date_captured":"2024-05-14T00:20:56+00:00"},{"id":53,"license":1,"file_name":"20240324_162941_jpg.rf.5f7e74fbf8126f81b1ef5993e7ad7a34.jpg","height":640,"width":640,"date_captured":"2024-05-14T00:20:56+00:00"},{"id":54,"license":1,"file_name":"20240324_162531_jpg.rf.48e8aacd848958463da3fa5b4168f5d8.jpg","height":640,"width":640,"date_captured":"2024-05-14T00:20:56+00:00"},{"id":55,"license":1,"file_name":"20240324_163557_jpg.rf.49c512eac15e7ba3dc97dcd805361b41.jpg","height":640,"width":640,"date_captured":"2024-05-14T00:20:56+00:00"},{"id":56,"license":1,"file_name":"20240324_162339_jpg.rf.50502a3cb6622a0e681f1ee44aa7fc57.jpg","height":640,"width":640,"date_captured":"2024-05-14T00:20:56+00:00"},{"id":57,"license":1,"file_name":"20240324_162410_jpg.rf.600c796ff9358cfc6ad7940314066f41.jpg","height":640,"width":640,"date_captured":"2024-05-14T00:20:56+00:00"},{"id":58,"license":1,"file_name":"20240324_162334_jpg.rf.50caa8dc143dfc7eff27e8c399f84e65.jpg","height":640,"width":640,"date_captured":"2024-05-14T00:20:56+00:00"},{"id":59,"license":1,"file_name":"20240324_164036_jpg.rf.5484bc18394a18bc89dd101e5ca9955d.jpg","height":640,"width":640,"date_captured":"2024-05-14T00:20:56+00:00"},{"id":60,"license":1,"file_name":"20240324_163000_jpg.rf.62ff137541dc3ff7d53ffc20a1e78317.jpg","height":640,"width":640,"date_captured":"2024-05-14T00:20:56+00:00"},{"id":61,"license":1,"file_name":"20240324_162459_jpg.rf.5bb89491baed0219b30b3bdc01291873.jpg","height":640,"width":640,"date_captured":"2024-05-14T00:20:56+00:00"},{"id":62,"license":1,"file_name":"20240324_163959_jpg.rf.52b5e4f58f4f616c927239c452362f4d.jpg","height":640,"width":640,"date_captured":"2024-05-14T00:20:56+00:00"},{"id":63,"license":1,"file_name":"20240324_163047_jpg.rf.52d0aa7b9f69b931eefda20d7442d3a5.jpg","height":640,"width":640,"date_captured":"2024-05-14T00:20:56+00:00"},{"id":64,"license":1,"file_name":"20240324_163406_jpg.rf.63c8798fb48c17a49502dfdb0feb16af.jpg","height":640,"width":640,"date_captured":"2024-05-14T00:20:56+00:00"},{"id":65,"license":1,"file_name":"20240324_162808_jpg.rf.617ca06a4fbba4ecc5bce392fa73b30c.jpg","height":640,"width":640,"date_captured":"2024-05-14T00:20:56+00:00"},{"id":66,"license":1,"file_name":"20240324_163036_jpg.rf.4dc1a556146806d3df136eafe909d059.jpg","height":640,"width":640,"date_captured":"2024-05-14T00:20:56+00:00"},{"id":67,"license":1,"file_name":"20240324_162615_jpg.rf.5d648c700c583360bd121c446cc75ec3.jpg","height":640,"width":640,"date_captured":"2024-05-14T00:20:56+00:00"},{"id":68,"license":1,"file_name":"20240324_162854_jpg.rf.6083eeab69ebc38d674fb8751ea4be70.jpg","height":640,"width":640,"date_captured":"2024-05-14T00:20:56+00:00"},{"id":69,"license":1,"file_name":"20240324_162618_jpg.rf.64822a2ce1b9ecb1b833acfe575ab7d2.jpg","height":640,"width":640,"date_captured":"2024-05-14T00:20:56+00:00"},{"id":70,"license":1,"file_name":"20240324_163307_jpg.rf.67a1e2c407405d023ca0091400785397.jpg","height":640,"width":640,"date_captured":"2024-05-14T00:20:56+00:00"},{"id":71,"license":1,"file_name":"20240324_162607_jpg.rf.68da6ca336945caf0452c99efc8ec697.jpg","height":640,"width":640,"date_captured":"2024-05-14T00:20:56+00:00"},{"id":72,"license":1,"file_name":"20240324_163856_jpg.rf.67acec8d622726e82c1f64f974e7df82.jpg","height":640,"width":640,"date_captured":"2024-05-14T00:20:56+00:00"},{"id":73,"license":1,"file_name":"20240324_162357_jpg.rf.714e64597a5f5d59f349b5ad7eee10d2.jpg","height":640,"width":640,"date_captured":"2024-05-14T00:20:56+00:00"},{"id":74,"license":1,"file_name":"20240324_162510_jpg.rf.70205b3685b1a58f6ff29bd1db0afe7d.jpg","height":640,"width":640,"date_captured":"2024-05-14T00:20:56+00:00"},{"id":75,"license":1,"file_name":"20240324_162345_jpg.rf.7a5b7d089c529e2e251b7f1d8e5eeadd.jpg","height":640,"width":640,"date_captured":"2024-05-14T00:20:56+00:00"},{"id":76,"license":1,"file_name":"20240324_163538_jpg.rf.6b628aca41ee53d496dd6885890aacec.jpg","height":640,"width":640,"date_captured":"2024-05-14T00:20:56+00:00"},{"id":77,"license":1,"file_name":"20240324_163108_jpg.rf.75358118138f09cc86a644ff6c2eebf4.jpg","height":640,"width":640,"date_captured":"2024-05-14T00:20:56+00:00"},{"id":78,"license":1,"file_name":"20240324_162624_jpg.rf.793ceb77a2ccf964f4f155d5535b19af.jpg","height":640,"width":640,"date_captured":"2024-05-14T00:20:56+00:00"},{"id":79,"license":1,"file_name":"20240324_163131_jpg.rf.7668bb36eda15d5e365f7cf8a0e71755.jpg","height":640,"width":640,"date_captured":"2024-05-14T00:20:56+00:00"},{"id":80,"license":1,"file_name":"20240324_163122_jpg.rf.74f432487797561c80c3df15299b28d1.jpg","height":640,"width":640,"date_captured":"2024-05-14T00:20:56+00:00"},{"id":81,"license":1,"file_name":"20240324_163106_jpg.rf.63f5814f631dc6908deb873dcb9fdf27.jpg","height":640,"width":640,"date_captured":"2024-05-14T00:20:56+00:00"},{"id":82,"license":1,"file_name":"20240324_162937_jpg.rf.6c039d5b760577035cc5393a0646e7f4.jpg","height":640,"width":640,"date_captured":"2024-05-14T00:20:56+00:00"},{"id":83,"license":1,"file_name":"20240324_162431_jpg.rf.74a8fcd88b7b345e63e224ae752b0f8f.jpg","height":640,"width":640,"date_captured":"2024-05-14T00:20:56+00:00"},{"id":84,"license":1,"file_name":"20240324_163731_jpg.rf.69e5a6a59a5f71821be41739c6356d29.jpg","height":640,"width":640,"date_captured":"2024-05-14T00:20:56+00:00"},{"id":85,"license":1,"file_name":"20240324_163528_jpg.rf.7a64cb962c38aa7bc007bc60d93ab54c.jpg","height":640,"width":640,"date_captured":"2024-05-14T00:20:56+00:00"},{"id":86,"license":1,"file_name":"20240324_163309_jpg.rf.70bd1c74f8794d4549b53e3d0c173c15.jpg","height":640,"width":640,"date_captured":"2024-05-14T00:20:56+00:00"},{"id":87,"license":1,"file_name":"20240324_162252_jpg.rf.770f7fb4741934ec1f92492f28ad114a.jpg","height":640,"width":640,"date_captured":"2024-05-14T00:20:56+00:00"},{"id":88,"license":1,"file_name":"20240324_163951_jpg.rf.7a635aca6a22d94718bccd57e5efeeca.jpg","height":640,"width":640,"date_captured":"2024-05-14T00:20:56+00:00"},{"id":89,"license":1,"file_name":"20240324_163358-0-_jpg.rf.68c3f73c8d01c1bd8c8c66fd80dbf7fa.jpg","height":640,"width":640,"date_captured":"2024-05-14T00:20:56+00:00"},{"id":90,"license":1,"file_name":"20240324_162928_jpg.rf.7b9807db5a3935f7cc1bc1b3530b2ccb.jpg","height":640,"width":640,"date_captured":"2024-05-14T00:20:56+00:00"},{"id":91,"license":1,"file_name":"20240324_162904_jpg.rf.7c05c94fce9b3a9aca351b50d9a25ca3.jpg","height":640,"width":640,"date_captured":"2024-05-14T00:20:56+00:00"},{"id":92,"license":1,"file_name":"20240324_163432_jpg.rf.727e9f04918498f4075e97f77bfe1384.jpg","height":640,"width":640,"date_captured":"2024-05-14T00:20:56+00:00"},{"id":93,"license":1,"file_name":"20240324_163050-0-_jpg.rf.51e0a9d4c0036cdc1b72508af3a6e700.jpg","height":640,"width":640,"date_captured":"2024-05-14T00:20:56+00:00"},{"id":94,"license":1,"file_name":"20240324_163539_jpg.rf.7a8877f0a5df99562dc5629e3e2e3206.jpg","height":640,"width":640,"date_captured":"2024-05-14T00:20:56+00:00"},{"id":95,"license":1,"file_name":"20240324_162550_jpg.rf.7c59ff68d34cacd90570337a99537631.jpg","height":640,"width":640,"date_captured":"2024-05-14T00:20:56+00:00"},{"id":96,"license":1,"file_name":"20240324_163450_jpg.rf.76b186972cadf8339a00ebe945613a5e.jpg","height":640,"width":640,"date_captured":"2024-05-14T00:20:56+00:00"},{"id":97,"license":1,"file_name":"20240324_162824_jpg.rf.826f44d8b42775d2cf19aa636f07e7af.jpg","height":640,"width":640,"date_captured":"2024-05-14T00:20:56+00:00"},{"id":98,"license":1,"file_name":"20240324_163533_jpg.rf.82a8cc52c060f72919e621ad146b3f29.jpg","height":640,"width":640,"date_captured":"2024-05-14T00:20:56+00:00"},{"id":99,"license":1,"file_name":"20240324_163556_jpg.rf.7fcf0b712c21df2f080e32f9cb3f005c.jpg","height":640,"width":640,"date_captured":"2024-05-14T00:20:56+00:00"},{"id":100,"license":1,"file_name":"20240324_163059_jpg.rf.84d195619c1a6c4f265b80198c33e88e.jpg","height":640,"width":640,"date_captured":"2024-05-14T00:20:56+00:00"},{"id":101,"license":1,"file_name":"20240324_162546_jpg.rf.867ad4a5bd298f8bb43b8c4b24d11318.jpg","height":640,"width":640,"date_captured":"2024-05-14T00:20:56+00:00"},{"id":102,"license":1,"file_name":"20240324_163530_jpg.rf.88dc3bf0e46f912224a497520b1b3404.jpg","height":640,"width":640,"date_captured":"2024-05-14T00:20:56+00:00"},{"id":103,"license":1,"file_name":"20240324_163151_jpg.rf.8bf9854957c5eb946e085d8304b217ab.jpg","height":640,"width":640,"date_captured":"2024-05-14T00:20:56+00:00"},{"id":104,"license":1,"file_name":"20240324_163834_jpg.rf.8b21c88d07bd0de1f3b6d3178c1b3381.jpg","height":640,"width":640,"date_captured":"2024-05-14T00:20:56+00:00"},{"id":105,"license":1,"file_name":"20240324_164033_jpg.rf.7cb76be3b964747a68567f90f5dcce22.jpg","height":640,"width":640,"date_captured":"2024-05-14T00:20:56+00:00"},{"id":106,"license":1,"file_name":"20240324_163401-0-_jpg.rf.86316a255c2d3a6cad5e9b031500e005.jpg","height":640,"width":640,"date_captured":"2024-05-14T00:20:56+00:00"},{"id":107,"license":1,"file_name":"20240324_162628_jpg.rf.82e9dfcd5478cf28b791a8d586a5f8f9.jpg","height":640,"width":640,"date_captured":"2024-05-14T00:20:56+00:00"},{"id":108,"license":1,"file_name":"20240324_162728_jpg.rf.8beaf655881e2b77d10dc9e280fff5bc.jpg","height":640,"width":640,"date_captured":"2024-05-14T00:20:56+00:00"},{"id":109,"license":1,"file_name":"20240324_162844_jpg.rf.8dcc4023cab7eff22e6530d42d82f528.jpg","height":640,"width":640,"date_captured":"2024-05-14T00:20:56+00:00"},{"id":110,"license":1,"file_name":"20240324_163050_jpg.rf.90746890f1f78b7200a7e34c90d9703c.jpg","height":640,"width":640,"date_captured":"2024-05-14T00:20:56+00:00"},{"id":111,"license":1,"file_name":"20240324_163844-0-_jpg.rf.982d8bcd69792c87fe7c0e44e704a039.jpg","height":640,"width":640,"date_captured":"2024-05-14T00:20:56+00:00"},{"id":112,"license":1,"file_name":"20240324_162936_jpg.rf.8583c5fad4aedaebafcfc06a2342fa70.jpg","height":640,"width":640,"date_captured":"2024-05-14T00:20:56+00:00"},{"id":113,"license":1,"file_name":"20240324_162443_jpg.rf.943998aed9e7ebe9bd340c1e0ad861a9.jpg","height":640,"width":640,"date_captured":"2024-05-14T00:20:56+00:00"},{"id":114,"license":1,"file_name":"20240324_163507-0-_jpg.rf.95c5e366e396e3058f64b1afab0d262b.jpg","height":640,"width":640,"date_captured":"2024-05-14T00:20:56+00:00"},{"id":115,"license":1,"file_name":"20240324_164005-0-_jpg.rf.99cd32e9320c333bb65256c4052af0b4.jpg","height":640,"width":640,"date_captured":"2024-05-14T00:20:56+00:00"},{"id":116,"license":1,"file_name":"20240324_162829_jpg.rf.912f3ca959ad1d84be1b6c77bbd40d78.jpg","height":640,"width":640,"date_captured":"2024-05-14T00:20:56+00:00"},{"id":117,"license":1,"file_name":"20240324_163441_jpg.rf.8e97077e1bfd22448221bcb902383750.jpg","height":640,"width":640,"date_captured":"2024-05-14T00:20:56+00:00"},{"id":118,"license":1,"file_name":"20240324_163951-0-_jpg.rf.9bd3b41d2cb0cc352f38b24d5fe807a5.jpg","height":640,"width":640,"date_captured":"2024-05-14T00:20:56+00:00"},{"id":119,"license":1,"file_name":"20240324_164032_jpg.rf.9d5d69acd2621d7fd21370c00f3d1038.jpg","height":640,"width":640,"date_captured":"2024-05-14T00:20:56+00:00"},{"id":120,"license":1,"file_name":"20240324_163112-0-_jpg.rf.8b413486bb970b39421b167d029c5885.jpg","height":640,"width":640,"date_captured":"2024-05-14T00:20:56+00:00"},{"id":121,"license":1,"file_name":"20240324_163321_jpg.rf.9ad71027ced121b11b56098ff6c5bbaf.jpg","height":640,"width":640,"date_captured":"2024-05-14T00:20:56+00:00"},{"id":122,"license":1,"file_name":"20240324_162151_jpg.rf.97231130125d1681a160bb125ec9a6d5.jpg","height":640,"width":640,"date_captured":"2024-05-14T00:20:56+00:00"},{"id":123,"license":1,"file_name":"20240324_163454_jpg.rf.9e0e4929f98e6d94481d467d793a54cf.jpg","height":640,"width":640,"date_captured":"2024-05-14T00:20:56+00:00"},{"id":124,"license":1,"file_name":"20240324_163813_jpg.rf.9c620f01b7dff85901687bf3bbb6bb75.jpg","height":640,"width":640,"date_captured":"2024-05-14T00:20:56+00:00"},{"id":125,"license":1,"file_name":"20240324_163347_jpg.rf.a0bbbabca3c9fb5613166182d754ba2d.jpg","height":640,"width":640,"date_captured":"2024-05-14T00:20:56+00:00"},{"id":126,"license":1,"file_name":"20240324_163507_jpg.rf.a4e0bb6f1be855a59fe0e2b85275ae00.jpg","height":640,"width":640,"date_captured":"2024-05-14T00:20:56+00:00"},{"id":127,"license":1,"file_name":"20240324_163450-0-_jpg.rf.9ec5c78303ee184a28b4c5899d29cc43.jpg","height":640,"width":640,"date_captured":"2024-05-14T00:20:56+00:00"},{"id":128,"license":1,"file_name":"20240324_163816_jpg.rf.acfd3e0073663198683bc7856a65c262.jpg","height":640,"width":640,"date_captured":"2024-05-14T00:20:56+00:00"},{"id":129,"license":1,"file_name":"20240324_163514_jpg.rf.862322ef0a9dadc4a13450472cc66aa2.jpg","height":640,"width":640,"date_captured":"2024-05-14T00:20:56+00:00"},{"id":130,"license":1,"file_name":"20240324_162419_jpg.rf.9e81b9e338d159fbb6a646940beeacf7.jpg","height":640,"width":640,"date_captured":"2024-05-14T00:20:56+00:00"},{"id":131,"license":1,"file_name":"20240324_163803_jpg.rf.af7e6cf5cb31607ad4c0990e6b3850f4.jpg","height":640,"width":640,"date_captured":"2024-05-14T00:20:56+00:00"},{"id":132,"license":1,"file_name":"20240324_163031_jpg.rf.af1265c969efe743a1762a6d35a5e4b2.jpg","height":640,"width":640,"date_captured":"2024-05-14T00:20:56+00:00"},{"id":133,"license":1,"file_name":"20240324_163406-0-_jpg.rf.9fe41b8862cbcd76f64ce3a4a231613d.jpg","height":640,"width":640,"date_captured":"2024-05-14T00:20:56+00:00"},{"id":134,"license":1,"file_name":"20240324_163330_jpg.rf.b13cdd7f239e1cd51623d50a569b3609.jpg","height":640,"width":640,"date_captured":"2024-05-14T00:20:56+00:00"},{"id":135,"license":1,"file_name":"20240324_164013_jpg.rf.b70f1747a8755848267ab7a5f4fcf8cc.jpg","height":640,"width":640,"date_captured":"2024-05-14T00:20:56+00:00"},{"id":136,"license":1,"file_name":"20240324_163913_jpg.rf.bbd23983efb18d57ce1453bec1651d0a.jpg","height":640,"width":640,"date_captured":"2024-05-14T00:20:56+00:00"},{"id":137,"license":1,"file_name":"20240324_162914_jpg.rf.bbfe93f7eab42d4f8a04447e7c40cd4f.jpg","height":640,"width":640,"date_captured":"2024-05-14T00:20:56+00:00"},{"id":138,"license":1,"file_name":"20240324_162806_jpg.rf.a1c470f84675fc0b6dd3396be683a051.jpg","height":640,"width":640,"date_captured":"2024-05-14T00:20:56+00:00"},{"id":139,"license":1,"file_name":"20240324_162919_jpg.rf.b6cf12155dcc6e7593206a7250b27522.jpg","height":640,"width":640,"date_captured":"2024-05-14T00:20:56+00:00"},{"id":140,"license":1,"file_name":"20240324_163510-0-_jpg.rf.b3529966fde1ab57c74878586bf66588.jpg","height":640,"width":640,"date_captured":"2024-05-14T00:20:56+00:00"},{"id":141,"license":1,"file_name":"20240324_163400_jpg.rf.b3587a9229dbf86a2b9c188c8d503a0d.jpg","height":640,"width":640,"date_captured":"2024-05-14T00:20:56+00:00"},{"id":142,"license":1,"file_name":"20240324_162553_jpg.rf.b29bac41b71e7a31d891d0de9ee40d4f.jpg","height":640,"width":640,"date_captured":"2024-05-14T00:20:56+00:00"},{"id":143,"license":1,"file_name":"20240324_163540_jpg.rf.b869c57ca2bb8cca966820eb234dfecb.jpg","height":640,"width":640,"date_captured":"2024-05-14T00:20:56+00:00"},{"id":144,"license":1,"file_name":"20240324_162535_jpg.rf.bae08e0797a1ec739d2bee108f5b2695.jpg","height":640,"width":640,"date_captured":"2024-05-14T00:20:56+00:00"},{"id":145,"license":1,"file_name":"20240324_163426_jpg.rf.b0306af3088e96d6ef76e4d6a5c8c9d3.jpg","height":640,"width":640,"date_captured":"2024-05-14T00:20:56+00:00"},{"id":146,"license":1,"file_name":"20240324_163919_jpg.rf.b53e7d929063d912d8559dc121f2a5d0.jpg","height":640,"width":640,"date_captured":"2024-05-14T00:20:56+00:00"},{"id":147,"license":1,"file_name":"20240324_163515_jpg.rf.c2d69b3e4d341ec6f07cd7a7cb546f28.jpg","height":640,"width":640,"date_captured":"2024-05-14T00:20:56+00:00"},{"id":148,"license":1,"file_name":"20240324_163058_jpg.rf.bd3005ded32fc9aa4183ec7a32a30c43.jpg","height":640,"width":640,"date_captured":"2024-05-14T00:20:56+00:00"},{"id":149,"license":1,"file_name":"20240324_162847_jpg.rf.c11a9e4d73b0076e0814826ef69c5068.jpg","height":640,"width":640,"date_captured":"2024-05-14T00:20:56+00:00"},{"id":150,"license":1,"file_name":"20240324_162413_jpg.rf.be83ac06c7e1daca298c062b55c9d3e8.jpg","height":640,"width":640,"date_captured":"2024-05-14T00:20:56+00:00"},{"id":151,"license":1,"file_name":"20240324_163724_jpg.rf.ccdcfd5113f5c1348b710ae9a264ad00.jpg","height":640,"width":640,"date_captured":"2024-05-14T00:20:56+00:00"},{"id":152,"license":1,"file_name":"20240324_164018_jpg.rf.bd4036aadbac613356a5df8d92072aab.jpg","height":640,"width":640,"date_captured":"2024-05-14T00:20:56+00:00"},{"id":153,"license":1,"file_name":"20240324_163121_jpg.rf.cab9b6fc7c79fc20f886d4ff5774a991.jpg","height":640,"width":640,"date_captured":"2024-05-14T00:20:56+00:00"},{"id":154,"license":1,"file_name":"20240324_163510_jpg.rf.e137aaf5f9b5d0fb889d6374dde775dc.jpg","height":640,"width":640,"date_captured":"2024-05-14T00:20:56+00:00"},{"id":155,"license":1,"file_name":"20240324_164038_jpg.rf.e7f37d8e54971a37295a0220b06ee013.jpg","height":640,"width":640,"date_captured":"2024-05-14T00:20:56+00:00"},{"id":156,"license":1,"file_name":"20240324_162319_jpg.rf.d477ee9c1705a5fdbbd11e39bea41c46.jpg","height":640,"width":640,"date_captured":"2024-05-14T00:20:56+00:00"},{"id":157,"license":1,"file_name":"20240324_163328-0-_jpg.rf.e614217e6c48c2f75b8e4b8142418dfe.jpg","height":640,"width":640,"date_captured":"2024-05-14T00:20:56+00:00"},{"id":158,"license":1,"file_name":"20240324_162613_jpg.rf.bd496ad04a8ada8545989760238c3b74.jpg","height":640,"width":640,"date_captured":"2024-05-14T00:20:56+00:00"},{"id":159,"license":1,"file_name":"20240324_163004_jpg.rf.cd3f56b454980fb12353b6b4c41deddf.jpg","height":640,"width":640,"date_captured":"2024-05-14T00:20:56+00:00"},{"id":160,"license":1,"file_name":"20240324_163107_jpg.rf.e5e8a4c2175cd456d605f0250f69067e.jpg","height":640,"width":640,"date_captured":"2024-05-14T00:20:56+00:00"},{"id":161,"license":1,"file_name":"20240324_163200_jpg.rf.c9c816c9eff8705fc1d0407f32189289.jpg","height":640,"width":640,"date_captured":"2024-05-14T00:20:56+00:00"},{"id":162,"license":1,"file_name":"20240324_163311_jpg.rf.e07fc7e54140083ad8c26bb1deb5473b.jpg","height":640,"width":640,"date_captured":"2024-05-14T00:20:56+00:00"},{"id":163,"license":1,"file_name":"20240324_162647_jpg.rf.d22f81755655e026c165750dfb360c8e.jpg","height":640,"width":640,"date_captured":"2024-05-14T00:20:56+00:00"},{"id":164,"license":1,"file_name":"20240324_162959_jpg.rf.d71f80838d966c9d631a306974594528.jpg","height":640,"width":640,"date_captured":"2024-05-14T00:20:56+00:00"},{"id":165,"license":1,"file_name":"20240324_162646_jpg.rf.e2e094c4cf3fd9055e9866045cab55f3.jpg","height":640,"width":640,"date_captured":"2024-05-14T00:20:56+00:00"},{"id":166,"license":1,"file_name":"20240324_162540_jpg.rf.ba4c13a9df1508a50ee5ad0fe5cafc36.jpg","height":640,"width":640,"date_captured":"2024-05-14T00:20:56+00:00"},{"id":167,"license":1,"file_name":"20240324_162517_jpg.rf.e6ebcbba03eb2bc582efeb6f9dc24066.jpg","height":640,"width":640,"date_captured":"2024-05-14T00:20:56+00:00"},{"id":168,"license":1,"file_name":"20240324_163920_jpg.rf.cf42d5a276fd8027a8df955a6a8cb618.jpg","height":640,"width":640,"date_captured":"2024-05-14T00:20:56+00:00"},{"id":169,"license":1,"file_name":"20240324_163035_jpg.rf.f0bf22e7715b9644c62b0d2156f0e4c9.jpg","height":640,"width":640,"date_captured":"2024-05-14T00:20:56+00:00"},{"id":170,"license":1,"file_name":"20240324_163918_jpg.rf.ea063ca7de54f7730b69d3a9978a736c.jpg","height":640,"width":640,"date_captured":"2024-05-14T00:20:56+00:00"},{"id":171,"license":1,"file_name":"20240324_163844_jpg.rf.ead5997bfdc74256e2f0aca919d67ed1.jpg","height":640,"width":640,"date_captured":"2024-05-14T00:20:56+00:00"},{"id":172,"license":1,"file_name":"20240324_163812_jpg.rf.ea7cb6e891b912fc853853bdbe791704.jpg","height":640,"width":640,"date_captured":"2024-05-14T00:20:56+00:00"},{"id":173,"license":1,"file_name":"20240324_163546_jpg.rf.fb120319b99392b192ca7dd54447f2c1.jpg","height":640,"width":640,"date_captured":"2024-05-14T00:20:56+00:00"},{"id":174,"license":1,"file_name":"20240324_163112_jpg.rf.fb2fd22830d9ffc3177455d32b0719a9.jpg","height":640,"width":640,"date_captured":"2024-05-14T00:20:56+00:00"},{"id":175,"license":1,"file_name":"20240324_163426-0-_jpg.rf.efaf330acbdb0c85de8eb2838439cef2.jpg","height":640,"width":640,"date_captured":"2024-05-14T00:20:56+00:00"},{"id":176,"license":1,"file_name":"20240324_162622_jpg.rf.f2b3d051f97f95323bb15b2a5a29083a.jpg","height":640,"width":640,"date_captured":"2024-05-14T00:20:56+00:00"},{"id":177,"license":1,"file_name":"20240324_162904-0-_jpg.rf.ddcc1f26ddd431587dc8af1d9752cf01.jpg","height":640,"width":640,"date_captured":"2024-05-14T00:20:56+00:00"},{"id":178,"license":1,"file_name":"20240324_163317_jpg.rf.f7351e65024822743d08e04322eb183d.jpg","height":640,"width":640,"date_captured":"2024-05-14T00:20:56+00:00"},{"id":179,"license":1,"file_name":"20240324_162538_jpg.rf.cc4e86df6978eac25bd406341a94957f.jpg","height":640,"width":640,"date_captured":"2024-05-14T00:20:56+00:00"},{"id":180,"license":1,"file_name":"20240324_163307-0-_jpg.rf.f890330221a2cd72218fc9f07b094170.jpg","height":640,"width":640,"date_captured":"2024-05-14T00:20:56+00:00"},{"id":181,"license":1,"file_name":"20240324_163351_jpg.rf.d3c62fd2a273562fd233c426c1d67d2c.jpg","height":640,"width":640,"date_captured":"2024-05-14T00:20:56+00:00"},{"id":182,"license":1,"file_name":"20240324_163316_jpg.rf.fd4280eab127e2f37247dbf6c1942327.jpg","height":640,"width":640,"date_captured":"2024-05-14T00:20:56+00:00"}],"annotations":[{"id":0,"image_id":0,"category_id":1,"bbox":[250,282,118,178],"area":21004,"segmentation":[],"iscrowd":0},{"id":1,"image_id":1,"category_id":1,"bbox":[151,88,306,382.5],"area":117045,"segmentation":[],"iscrowd":0},{"id":2,"image_id":2,"category_id":1,"bbox":[207,204,249,349.5],"area":87025.5,"segmentation":[],"iscrowd":0},{"id":3,"image_id":3,"category_id":1,"bbox":[197,200,315,357.5],"area":112612.5,"segmentation":[],"iscrowd":0},{"id":4,"image_id":4,"category_id":1,"bbox":[89,224,491,156],"area":76596,"segmentation":[],"iscrowd":0},{"id":5,"image_id":5,"category_id":1,"bbox":[260,178,200,278.5],"area":55700,"segmentation":[],"iscrowd":0},{"id":6,"image_id":6,"category_id":1,"bbox":[169,185,284,340],"area":96560,"segmentation":[],"iscrowd":0},{"id":7,"image_id":7,"category_id":1,"bbox":[194,215,174.5,203.5],"area":35510.75,"segmentation":[],"iscrowd":0},{"id":8,"image_id":8,"category_id":1,"bbox":[54,186,324.5,295],"area":95727.5,"segmentation":[],"iscrowd":0},{"id":9,"image_id":8,"category_id":1,"bbox":[350,183,289.5,293],"area":84823.5,"segmentation":[],"iscrowd":0},{"id":10,"image_id":9,"category_id":1,"bbox":[217,176,295,329],"area":97055,"segmentation":[],"iscrowd":0},{"id":11,"image_id":9,"category_id":1,"bbox":[0,146,338,134],"area":45292,"segmentation":[],"iscrowd":0},{"id":12,"image_id":10,"category_id":1,"bbox":[89,258,261.5,256],"area":66944,"segmentation":[],"iscrowd":0},{"id":13,"image_id":11,"category_id":1,"bbox":[154,138,294,385],"area":113190,"segmentation":[],"iscrowd":0},{"id":14,"image_id":12,"category_id":1,"bbox":[168,249,195.5,204],"area":39882,"segmentation":[],"iscrowd":0},{"id":15,"image_id":12,"category_id":1,"bbox":[217,212,420,93],"area":39060,"segmentation":[],"iscrowd":0},{"id":16,"image_id":13,"category_id":1,"bbox":[189,228,170.5,200],"area":34100,"segmentation":[],"iscrowd":0},{"id":17,"image_id":14,"category_id":1,"bbox":[339,229,191,179],"area":34189,"segmentation":[],"iscrowd":0},{"id":18,"image_id":14,"category_id":1,"bbox":[316,287,213.5,199.5],"area":42593.25,"segmentation":[],"iscrowd":0},{"id":19,"image_id":14,"category_id":1,"bbox":[0,289,323,112],"area":36176,"segmentation":[],"iscrowd":0},{"id":20,"image_id":15,"category_id":1,"bbox":[72,263,308,119.5],"area":36806,"segmentation":[],"iscrowd":0},{"id":21,"image_id":16,"category_id":1,"bbox":[16,236,445.5,170],"area":75735,"segmentation":[],"iscrowd":0},{"id":22,"image_id":16,"category_id":1,"bbox":[32,15,439,214],"area":93946,"segmentation":[],"iscrowd":0},{"id":23,"image_id":17,"category_id":1,"bbox":[92,248,158.5,204.5],"area":32413.25,"segmentation":[],"iscrowd":0},{"id":24,"image_id":17,"category_id":1,"bbox":[177,224,330,133.5],"area":44055,"segmentation":[],"iscrowd":0},{"id":25,"image_id":18,"category_id":1,"bbox":[126,161,372.5,191.5],"area":71333.75,"segmentation":[],"iscrowd":0},{"id":26,"image_id":19,"category_id":1,"bbox":[192,232,202,160.5],"area":32421,"segmentation":[],"iscrowd":0},{"id":27,"image_id":20,"category_id":1,"bbox":[257,227,227.5,265],"area":60287.5,"segmentation":[],"iscrowd":0},{"id":28,"image_id":21,"category_id":1,"bbox":[209,224,210,288.5],"area":60585,"segmentation":[],"iscrowd":0},{"id":29,"image_id":21,"category_id":1,"bbox":[55,18,455,175],"area":79625,"segmentation":[],"iscrowd":0},{"id":30,"image_id":22,"category_id":1,"bbox":[268,244,372,87.5],"area":32550,"segmentation":[],"iscrowd":0},{"id":31,"image_id":22,"category_id":1,"bbox":[173,273,156.5,219],"area":34273.5,"segmentation":[],"iscrowd":0},{"id":32,"image_id":23,"category_id":1,"bbox":[316,225,199.5,265],"area":52867.5,"segmentation":[],"iscrowd":0},{"id":33,"image_id":24,"category_id":1,"bbox":[171,229,217,218],"area":47306,"segmentation":[],"iscrowd":0},{"id":34,"image_id":24,"category_id":1,"bbox":[314,217,305,162],"area":49410,"segmentation":[],"iscrowd":0},{"id":35,"image_id":25,"category_id":1,"bbox":[203,174,296,292],"area":86432,"segmentation":[],"iscrowd":0},{"id":36,"image_id":26,"category_id":1,"bbox":[339,202,111,143.5],"area":15928.5,"segmentation":[],"iscrowd":0},{"id":37,"image_id":26,"category_id":1,"bbox":[191,171,197.5,134.5],"area":26563.75,"segmentation":[],"iscrowd":0},{"id":38,"image_id":27,"category_id":1,"bbox":[148,213,274,316],"area":86584,"segmentation":[],"iscrowd":0},{"id":39,"image_id":28,"category_id":1,"bbox":[130,164,369,196],"area":72324,"segmentation":[],"iscrowd":0},{"id":40,"image_id":29,"category_id":1,"bbox":[151,173,385.5,383],"area":147646.5,"segmentation":[],"iscrowd":0},{"id":41,"image_id":30,"category_id":1,"bbox":[284,252,353.5,135.5],"area":47899.25,"segmentation":[],"iscrowd":0},{"id":42,"image_id":30,"category_id":1,"bbox":[114,266,214,245],"area":52430,"segmentation":[],"iscrowd":0},{"id":43,"image_id":31,"category_id":1,"bbox":[55,210,518,184.5],"area":95571,"segmentation":[],"iscrowd":0},{"id":44,"image_id":32,"category_id":1,"bbox":[234,334,149.5,107.5],"area":16071.25,"segmentation":[],"iscrowd":0},{"id":45,"image_id":32,"category_id":1,"bbox":[180,174,167.5,47],"area":7872.5,"segmentation":[],"iscrowd":0},{"id":46,"image_id":32,"category_id":1,"bbox":[225,89,138.5,102],"area":14127,"segmentation":[],"iscrowd":0},{"id":47,"image_id":33,"category_id":1,"bbox":[146,207,254.5,344.5],"area":87675.25,"segmentation":[],"iscrowd":0},{"id":48,"image_id":34,"category_id":1,"bbox":[254,242,160,299],"area":47840,"segmentation":[],"iscrowd":0},{"id":49,"image_id":34,"category_id":1,"bbox":[296,173,343.5,93],"area":31945.5,"segmentation":[],"iscrowd":0},{"id":50,"image_id":35,"category_id":1,"bbox":[149,280,145,219.5],"area":31827.5,"segmentation":[],"iscrowd":0},{"id":51,"image_id":35,"category_id":1,"bbox":[218,247,416.5,113.5],"area":47272.75,"segmentation":[],"iscrowd":0},{"id":52,"image_id":36,"category_id":1,"bbox":[214,215,250.5,262.5],"area":65756.25,"segmentation":[],"iscrowd":0},{"id":53,"image_id":37,"category_id":1,"bbox":[111,245,319,334],"area":106546,"segmentation":[],"iscrowd":0},{"id":54,"image_id":38,"category_id":1,"bbox":[196,198,232,253.5],"area":58812,"segmentation":[],"iscrowd":0},{"id":55,"image_id":39,"category_id":1,"bbox":[373,280,109,122.5],"area":13352.5,"segmentation":[],"iscrowd":0},{"id":56,"image_id":39,"category_id":1,"bbox":[151,267,221.5,122],"area":27023,"segmentation":[],"iscrowd":0},{"id":57,"image_id":39,"category_id":1,"bbox":[399,231,236,151.5],"area":35754,"segmentation":[],"iscrowd":0},{"id":58,"image_id":40,"category_id":1,"bbox":[214,213,232,266.5],"area":61828,"segmentation":[],"iscrowd":0},{"id":59,"image_id":41,"category_id":1,"bbox":[189,232,258.5,261.5],"area":67597.75,"segmentation":[],"iscrowd":0},{"id":60,"image_id":41,"category_id":1,"bbox":[160,141,472.5,157],"area":74182.5,"segmentation":[],"iscrowd":0},{"id":61,"image_id":42,"category_id":1,"bbox":[80,253,163,220],"area":35860,"segmentation":[],"iscrowd":0},{"id":62,"image_id":42,"category_id":1,"bbox":[169,226,338.5,127],"area":42989.5,"segmentation":[],"iscrowd":0},{"id":63,"image_id":43,"category_id":1,"bbox":[74,229,521.5,147.5],"area":76921.25,"segmentation":[],"iscrowd":0},{"id":64,"image_id":44,"category_id":1,"bbox":[234,194,221,250],"area":55250,"segmentation":[],"iscrowd":0},{"id":65,"image_id":44,"category_id":1,"bbox":[310,141,285.5,162],"area":46251,"segmentation":[],"iscrowd":0},{"id":66,"image_id":45,"category_id":1,"bbox":[271,248,193,186],"area":35898,"segmentation":[],"iscrowd":0},{"id":67,"image_id":45,"category_id":1,"bbox":[353,217,286.5,102],"area":29223,"segmentation":[],"iscrowd":0},{"id":68,"image_id":46,"category_id":1,"bbox":[231,178,271.5,298],"area":80907,"segmentation":[],"iscrowd":0},{"id":69,"image_id":47,"category_id":1,"bbox":[223,127,218.5,249],"area":54406.5,"segmentation":[],"iscrowd":0},{"id":70,"image_id":48,"category_id":1,"bbox":[177,189,298.5,348.5],"area":104027.25,"segmentation":[],"iscrowd":0},{"id":71,"image_id":49,"category_id":1,"bbox":[134,135,257,292.5],"area":75172.5,"segmentation":[],"iscrowd":0},{"id":72,"image_id":50,"category_id":1,"bbox":[211,144,173,249.5],"area":43163.5,"segmentation":[],"iscrowd":0},{"id":73,"image_id":50,"category_id":1,"bbox":[55,187,186.5,241],"area":44946.5,"segmentation":[],"iscrowd":0},{"id":74,"image_id":50,"category_id":1,"bbox":[120,402,407.5,134],"area":54605,"segmentation":[],"iscrowd":0},{"id":75,"image_id":50,"category_id":1,"bbox":[248,347,392,110.5],"area":43316,"segmentation":[],"iscrowd":0},{"id":76,"image_id":51,"category_id":1,"bbox":[0,197,453,203],"area":91959,"segmentation":[],"iscrowd":0},{"id":77,"image_id":52,"category_id":1,"bbox":[250,0,174.5,171.5],"area":29926.75,"segmentation":[],"iscrowd":0},{"id":78,"image_id":52,"category_id":1,"bbox":[211,204,375.5,136.5],"area":51255.75,"segmentation":[],"iscrowd":0},{"id":79,"image_id":53,"category_id":1,"bbox":[237,213,402.5,296],"area":119140,"segmentation":[],"iscrowd":0},{"id":80,"image_id":54,"category_id":1,"bbox":[107,275,468.5,237.5],"area":111268.75,"segmentation":[],"iscrowd":0},{"id":81,"image_id":55,"category_id":1,"bbox":[234,186,218.5,255],"area":55717.5,"segmentation":[],"iscrowd":0},{"id":82,"image_id":56,"category_id":1,"bbox":[0,165,252,173],"area":43596,"segmentation":[],"iscrowd":0},{"id":83,"image_id":56,"category_id":1,"bbox":[134,175,273.5,363],"area":99280.5,"segmentation":[],"iscrowd":0},{"id":84,"image_id":57,"category_id":1,"bbox":[251,196,231,320],"area":73920,"segmentation":[],"iscrowd":0},{"id":85,"image_id":57,"category_id":1,"bbox":[6,168,314.5,172],"area":54094,"segmentation":[],"iscrowd":0},{"id":86,"image_id":58,"category_id":1,"bbox":[55,223,353,94.5],"area":33358.5,"segmentation":[],"iscrowd":0},{"id":87,"image_id":58,"category_id":1,"bbox":[285,252,176.5,169],"area":29828.5,"segmentation":[],"iscrowd":0},{"id":88,"image_id":59,"category_id":1,"bbox":[219,211,421,84],"area":35364,"segmentation":[],"iscrowd":0},{"id":89,"image_id":59,"category_id":1,"bbox":[157,240,197.5,206.5],"area":40783.75,"segmentation":[],"iscrowd":0},{"id":90,"image_id":60,"category_id":1,"bbox":[266,180,209.5,353],"area":73953.5,"segmentation":[],"iscrowd":0},{"id":91,"image_id":61,"category_id":1,"bbox":[212,307,71.5,160.5],"area":11475.75,"segmentation":[],"iscrowd":0},{"id":92,"image_id":61,"category_id":1,"bbox":[249,320,203,91.5],"area":18574.5,"segmentation":[],"iscrowd":0},{"id":93,"image_id":62,"category_id":1,"bbox":[214,194,209,259],"area":54131,"segmentation":[],"iscrowd":0},{"id":94,"image_id":62,"category_id":1,"bbox":[160,0,368,172.5],"area":63480,"segmentation":[],"iscrowd":0},{"id":95,"image_id":63,"category_id":1,"bbox":[100,146,345.5,314.5],"area":108659.75,"segmentation":[],"iscrowd":0},{"id":96,"image_id":64,"category_id":1,"bbox":[318,179,245.5,255],"area":62602.5,"segmentation":[],"iscrowd":0},{"id":97,"image_id":64,"category_id":1,"bbox":[9,70,448,184.5],"area":82656,"segmentation":[],"iscrowd":0},{"id":98,"image_id":65,"category_id":1,"bbox":[126,172,292.5,408],"area":119340,"segmentation":[],"iscrowd":0},{"id":99,"image_id":66,"category_id":1,"bbox":[200,196,275.5,283],"area":77966.5,"segmentation":[],"iscrowd":0},{"id":100,"image_id":66,"category_id":1,"bbox":[6,146,432.5,167.5],"area":72443.75,"segmentation":[],"iscrowd":0},{"id":101,"image_id":67,"category_id":1,"bbox":[134,200,341.5,378],"area":129087,"segmentation":[],"iscrowd":0},{"id":102,"image_id":68,"category_id":1,"bbox":[175,246,297.5,263.5],"area":78391.25,"segmentation":[],"iscrowd":0},{"id":103,"image_id":69,"category_id":1,"bbox":[189,156,255,343],"area":87465,"segmentation":[],"iscrowd":0},{"id":104,"image_id":70,"category_id":1,"bbox":[300,91,337.5,170.5],"area":57543.75,"segmentation":[],"iscrowd":0},{"id":105,"image_id":70,"category_id":1,"bbox":[183,178,254,298],"area":75692,"segmentation":[],"iscrowd":0},{"id":106,"image_id":71,"category_id":1,"bbox":[237,221,186.5,316],"area":58934,"segmentation":[],"iscrowd":0},{"id":107,"image_id":71,"category_id":1,"bbox":[66,18,457,175],"area":79975,"segmentation":[],"iscrowd":0},{"id":108,"image_id":72,"category_id":1,"bbox":[208,140,267,368],"area":98256,"segmentation":[],"iscrowd":0},{"id":109,"image_id":73,"category_id":1,"bbox":[254,216,192,314.5],"area":60384,"segmentation":[],"iscrowd":0},{"id":110,"image_id":74,"category_id":1,"bbox":[281,293,107,101.5],"area":10860.5,"segmentation":[],"iscrowd":0},{"id":111,"image_id":74,"category_id":1,"bbox":[140,293,90,62],"area":5580,"segmentation":[],"iscrowd":0},{"id":112,"image_id":74,"category_id":1,"bbox":[83,334,122.5,114.5],"area":14026.25,"segmentation":[],"iscrowd":0},{"id":113,"image_id":74,"category_id":1,"bbox":[171,271,223,42.5],"area":9477.5,"segmentation":[],"iscrowd":0},{"id":114,"image_id":75,"category_id":1,"bbox":[180,156,262,355],"area":93010,"segmentation":[],"iscrowd":0},{"id":115,"image_id":76,"category_id":1,"bbox":[252,208,161.5,221.5],"area":35772.25,"segmentation":[],"iscrowd":0},{"id":116,"image_id":76,"category_id":1,"bbox":[55,183,313.5,118.5],"area":37149.75,"segmentation":[],"iscrowd":0},{"id":117,"image_id":76,"category_id":1,"bbox":[3,59,476.5,123.5],"area":58847.75,"segmentation":[],"iscrowd":0},{"id":118,"image_id":77,"category_id":1,"bbox":[113,159,285.5,370],"area":105635,"segmentation":[],"iscrowd":0},{"id":119,"image_id":78,"category_id":1,"bbox":[351,172,175,272],"area":47600,"segmentation":[],"iscrowd":0},{"id":120,"image_id":78,"category_id":1,"bbox":[3,111,403.5,156.5],"area":63147.75,"segmentation":[],"iscrowd":0},{"id":121,"image_id":78,"category_id":1,"bbox":[146,241,236.5,330],"area":78045,"segmentation":[],"iscrowd":0},{"id":122,"image_id":79,"category_id":1,"bbox":[77,247,182.5,289.5],"area":52833.75,"segmentation":[],"iscrowd":0},{"id":123,"image_id":79,"category_id":1,"bbox":[191,218,423,256.5],"area":108499.5,"segmentation":[],"iscrowd":0},{"id":124,"image_id":80,"category_id":1,"bbox":[184,191,243,326],"area":79218,"segmentation":[],"iscrowd":0},{"id":125,"image_id":81,"category_id":1,"bbox":[160,161,265.5,364],"area":96642,"segmentation":[],"iscrowd":0},{"id":126,"image_id":82,"category_id":1,"bbox":[291,251,329.5,157.5],"area":51896.25,"segmentation":[],"iscrowd":0},{"id":127,"image_id":82,"category_id":1,"bbox":[120,244,248.5,241],"area":59888.5,"segmentation":[],"iscrowd":0},{"id":128,"image_id":83,"category_id":1,"bbox":[242,165,280.5,355.5],"area":99717.75,"segmentation":[],"iscrowd":0},{"id":129,"image_id":84,"category_id":1,"bbox":[226,216,184,250.5],"area":46092,"segmentation":[],"iscrowd":0},{"id":130,"image_id":84,"category_id":1,"bbox":[308,139,213,222.5],"area":47392.5,"segmentation":[],"iscrowd":0},{"id":131,"image_id":85,"category_id":1,"bbox":[250,348,390,116.5],"area":45435,"segmentation":[],"iscrowd":0},{"id":132,"image_id":85,"category_id":1,"bbox":[106,399,406,130.5],"area":52983,"segmentation":[],"iscrowd":0},{"id":133,"image_id":85,"category_id":1,"bbox":[43,182,179.5,246],"area":44157,"segmentation":[],"iscrowd":0},{"id":134,"image_id":85,"category_id":1,"bbox":[214,151,152,219],"area":33288,"segmentation":[],"iscrowd":0},{"id":135,"image_id":86,"category_id":1,"bbox":[151,196,255.5,323.5],"area":82654.25,"segmentation":[],"iscrowd":0},{"id":136,"image_id":87,"category_id":1,"bbox":[197,179,249,379.5],"area":94495.5,"segmentation":[],"iscrowd":0},{"id":137,"image_id":87,"category_id":1,"bbox":[373,82,254.5,296.5],"area":75459.25,"segmentation":[],"iscrowd":0},{"id":138,"image_id":88,"category_id":1,"bbox":[197,295,162.5,148],"area":24050,"segmentation":[],"iscrowd":0},{"id":139,"image_id":88,"category_id":1,"bbox":[239,244,294,93.5],"area":27489,"segmentation":[],"iscrowd":0},{"id":140,"image_id":89,"category_id":1,"bbox":[231,95,246.5,316],"area":77894,"segmentation":[],"iscrowd":0},{"id":141,"image_id":90,"category_id":1,"bbox":[172,197,272,301.5],"area":82008,"segmentation":[],"iscrowd":0},{"id":142,"image_id":91,"category_id":1,"bbox":[83,255,228.5,218.5],"area":49927.25,"segmentation":[],"iscrowd":0},{"id":143,"image_id":91,"category_id":1,"bbox":[273,261,200,203.5],"area":40700,"segmentation":[],"iscrowd":0},{"id":144,"image_id":92,"category_id":1,"bbox":[202,199,261.5,345],"area":90217.5,"segmentation":[],"iscrowd":0},{"id":145,"image_id":93,"category_id":1,"bbox":[171,172,281.5,392.5],"area":110488.75,"segmentation":[],"iscrowd":0},{"id":146,"image_id":94,"category_id":1,"bbox":[55,178,329.5,99.5],"area":32785.25,"segmentation":[],"iscrowd":0},{"id":147,"image_id":94,"category_id":1,"bbox":[0,54,473,116.5],"area":55104.5,"segmentation":[],"iscrowd":0},{"id":148,"image_id":94,"category_id":1,"bbox":[266,202,155.5,200],"area":31100,"segmentation":[],"iscrowd":0},{"id":149,"image_id":95,"category_id":1,"bbox":[233,282,141,154],"area":21714,"segmentation":[],"iscrowd":0},{"id":150,"image_id":95,"category_id":1,"bbox":[292,245,309,73],"area":22557,"segmentation":[],"iscrowd":0},{"id":151,"image_id":96,"category_id":1,"bbox":[339,229,172.5,184],"area":31740,"segmentation":[],"iscrowd":0},{"id":152,"image_id":96,"category_id":1,"bbox":[111,217,252.5,197.5],"area":49868.75,"segmentation":[],"iscrowd":0},{"id":153,"image_id":97,"category_id":1,"bbox":[275,104,238.5,335.5],"area":80016.75,"segmentation":[],"iscrowd":0},{"id":154,"image_id":98,"category_id":1,"bbox":[95,236,340,289],"area":98260,"segmentation":[],"iscrowd":0},{"id":155,"image_id":98,"category_id":1,"bbox":[325,239,315,252.5],"area":79537.5,"segmentation":[],"iscrowd":0},{"id":156,"image_id":98,"category_id":1,"bbox":[103,0,461,235.5],"area":108565.5,"segmentation":[],"iscrowd":0},{"id":157,"image_id":99,"category_id":1,"bbox":[197,197,194.5,268.5],"area":52223.25,"segmentation":[],"iscrowd":0},{"id":158,"image_id":100,"category_id":1,"bbox":[29,184,348.5,170],"area":59245,"segmentation":[],"iscrowd":0},{"id":159,"image_id":100,"category_id":1,"bbox":[327,221,159.5,220.5],"area":35169.75,"segmentation":[],"iscrowd":0},{"id":160,"image_id":101,"category_id":1,"bbox":[157,244,179.5,249],"area":44695.5,"segmentation":[],"iscrowd":0},{"id":161,"image_id":101,"category_id":1,"bbox":[271,170,204.5,198.5],"area":40593.25,"segmentation":[],"iscrowd":0},{"id":162,"image_id":102,"category_id":1,"bbox":[1,190,199.5,347.5],"area":69326.25,"segmentation":[],"iscrowd":0},{"id":163,"image_id":102,"category_id":1,"bbox":[168,108,227.5,340],"area":77350,"segmentation":[],"iscrowd":0},{"id":164,"image_id":103,"category_id":1,"bbox":[131,120,489.5,158.5],"area":77585.75,"segmentation":[],"iscrowd":0},{"id":165,"image_id":103,"category_id":1,"bbox":[166,205,282.5,288.5],"area":81501.25,"segmentation":[],"iscrowd":0},{"id":166,"image_id":104,"category_id":1,"bbox":[55,150,332,342],"area":113544,"segmentation":[],"iscrowd":0},{"id":167,"image_id":105,"category_id":1,"bbox":[185,205,287.5,282],"area":81075,"segmentation":[],"iscrowd":0},{"id":168,"image_id":106,"category_id":1,"bbox":[421,172,149.5,211],"area":31544.5,"segmentation":[],"iscrowd":0},{"id":169,"image_id":106,"category_id":1,"bbox":[166,220,230,159.5],"area":36685,"segmentation":[],"iscrowd":0},{"id":170,"image_id":106,"category_id":1,"bbox":[339,231,150,213],"area":31950,"segmentation":[],"iscrowd":0},{"id":171,"image_id":107,"category_id":1,"bbox":[180,140,327.5,475.5],"area":155726.25,"segmentation":[],"iscrowd":0},{"id":172,"image_id":107,"category_id":1,"bbox":[353,50,286.5,351.5],"area":100704.75,"segmentation":[],"iscrowd":0},{"id":173,"image_id":108,"category_id":1,"bbox":[188,210,248.5,378.5],"area":94057.25,"segmentation":[],"iscrowd":0},{"id":174,"image_id":109,"category_id":1,"bbox":[86,245,349.5,293.5],"area":102578.25,"segmentation":[],"iscrowd":0},{"id":175,"image_id":110,"category_id":1,"bbox":[177,176,280,386.5],"area":108220,"segmentation":[],"iscrowd":0},{"id":176,"image_id":111,"category_id":1,"bbox":[151,202,240,313.5],"area":75240,"segmentation":[],"iscrowd":0},{"id":177,"image_id":112,"category_id":1,"bbox":[183,239,204,253.5],"area":51714,"segmentation":[],"iscrowd":0},{"id":178,"image_id":112,"category_id":1,"bbox":[293,247,347,147],"area":51009,"segmentation":[],"iscrowd":0},{"id":179,"image_id":113,"category_id":1,"bbox":[186,129,417,373.5],"area":155749.5,"segmentation":[],"iscrowd":0},{"id":180,"image_id":114,"category_id":1,"bbox":[237,247,163.5,270],"area":44145,"segmentation":[],"iscrowd":0},{"id":181,"image_id":114,"category_id":1,"bbox":[253,168,387,114],"area":44118,"segmentation":[],"iscrowd":0},{"id":182,"image_id":115,"category_id":1,"bbox":[248,255,147.5,208],"area":30680,"segmentation":[],"iscrowd":0},{"id":183,"image_id":116,"category_id":1,"bbox":[325,189,232.5,291.5],"area":67773.75,"segmentation":[],"iscrowd":0},{"id":184,"image_id":117,"category_id":1,"bbox":[225,215,221,252],"area":55692,"segmentation":[],"iscrowd":0},{"id":185,"image_id":118,"category_id":1,"bbox":[217,292,167.5,146],"area":24455,"segmentation":[],"iscrowd":0},{"id":186,"image_id":118,"category_id":1,"bbox":[271,247,286.5,94.5],"area":27074.25,"segmentation":[],"iscrowd":0},{"id":187,"image_id":119,"category_id":1,"bbox":[180,186,284,319],"area":90596,"segmentation":[],"iscrowd":0},{"id":188,"image_id":120,"category_id":1,"bbox":[55,200,298,353.5],"area":105343,"segmentation":[],"iscrowd":0},{"id":189,"image_id":121,"category_id":1,"bbox":[152,268,242,276],"area":66792,"segmentation":[],"iscrowd":0},{"id":190,"image_id":121,"category_id":1,"bbox":[325,198,315,101.5],"area":31972.5,"segmentation":[],"iscrowd":0},{"id":191,"image_id":122,"category_id":1,"bbox":[131,97,325.5,337],"area":109693.5,"segmentation":[],"iscrowd":0},{"id":192,"image_id":122,"category_id":1,"bbox":[132,458,335,182],"area":60970,"segmentation":[],"iscrowd":0},{"id":193,"image_id":123,"category_id":1,"bbox":[145,101,341.5,424],"area":144796,"segmentation":[],"iscrowd":0},{"id":194,"image_id":124,"category_id":1,"bbox":[180,210,239,262.5],"area":62737.5,"segmentation":[],"iscrowd":0},{"id":195,"image_id":125,"category_id":1,"bbox":[89,264,293.5,116],"area":34046,"segmentation":[],"iscrowd":0},{"id":196,"image_id":126,"category_id":1,"bbox":[277,237,167,283.5],"area":47344.5,"segmentation":[],"iscrowd":0},{"id":197,"image_id":126,"category_id":1,"bbox":[282,165,358,108.5],"area":38843,"segmentation":[],"iscrowd":0},{"id":198,"image_id":127,"category_id":1,"bbox":[328,242,150,188],"area":28200,"segmentation":[],"iscrowd":0},{"id":199,"image_id":127,"category_id":1,"bbox":[75,222,253,219],"area":55407,"segmentation":[],"iscrowd":0},{"id":200,"image_id":128,"category_id":1,"bbox":[282,140,220.5,288],"area":63504,"segmentation":[],"iscrowd":0},{"id":201,"image_id":128,"category_id":1,"bbox":[157,357,204.5,160.5],"area":32822.25,"segmentation":[],"iscrowd":0},{"id":202,"image_id":128,"category_id":1,"bbox":[43,317,302.5,74],"area":22385,"segmentation":[],"iscrowd":0},{"id":203,"image_id":129,"category_id":1,"bbox":[159,112,416,292.5],"area":121680,"segmentation":[],"iscrowd":0},{"id":204,"image_id":130,"category_id":1,"bbox":[211,189,269,372.5],"area":100202.5,"segmentation":[],"iscrowd":0},{"id":205,"image_id":131,"category_id":1,"bbox":[29,191,294,325],"area":95550,"segmentation":[],"iscrowd":0},{"id":206,"image_id":131,"category_id":1,"bbox":[257,197,349.5,261],"area":91219.5,"segmentation":[],"iscrowd":0},{"id":207,"image_id":132,"category_id":1,"bbox":[240,175,261,256],"area":66816,"segmentation":[],"iscrowd":0},{"id":208,"image_id":133,"category_id":1,"bbox":[4,76,437.5,176],"area":77000,"segmentation":[],"iscrowd":0},{"id":209,"image_id":133,"category_id":1,"bbox":[52,168,337,201],"area":67737,"segmentation":[],"iscrowd":0},{"id":210,"image_id":133,"category_id":1,"bbox":[345,178,203.5,257],"area":52299.5,"segmentation":[],"iscrowd":0},{"id":211,"image_id":134,"category_id":1,"bbox":[132,215,262,241.5],"area":63273,"segmentation":[],"iscrowd":0},{"id":212,"image_id":135,"category_id":1,"bbox":[382,193,244.5,188],"area":45966,"segmentation":[],"iscrowd":0},{"id":213,"image_id":135,"category_id":1,"bbox":[169,200,247.5,188],"area":46530,"segmentation":[],"iscrowd":0},{"id":214,"image_id":136,"category_id":1,"bbox":[209,212,260,311.5],"area":80990,"segmentation":[],"iscrowd":0},{"id":215,"image_id":137,"category_id":1,"bbox":[357,145,118.5,148.5],"area":17597.25,"segmentation":[],"iscrowd":0},{"id":216,"image_id":137,"category_id":1,"bbox":[243,128,176,130],"area":22880,"segmentation":[],"iscrowd":0},{"id":217,"image_id":138,"category_id":1,"bbox":[149,178,302,327],"area":98754,"segmentation":[],"iscrowd":0},{"id":218,"image_id":139,"category_id":1,"bbox":[265,213,346.5,160.5],"area":55613.25,"segmentation":[],"iscrowd":0},{"id":219,"image_id":139,"category_id":1,"bbox":[336,15,150.5,168],"area":25284,"segmentation":[],"iscrowd":0},{"id":220,"image_id":140,"category_id":1,"bbox":[177,242,439.5,271],"area":119104.5,"segmentation":[],"iscrowd":0},{"id":221,"image_id":141,"category_id":1,"bbox":[407,116,232.5,285],"area":66262.5,"segmentation":[],"iscrowd":0},{"id":222,"image_id":141,"category_id":1,"bbox":[300,196,244,321.5],"area":78446,"segmentation":[],"iscrowd":0},{"id":223,"image_id":141,"category_id":1,"bbox":[89,177,307,220.5],"area":67693.5,"segmentation":[],"iscrowd":0},{"id":224,"image_id":142,"category_id":1,"bbox":[157,216,136.5,218.5],"area":29825.25,"segmentation":[],"iscrowd":0},{"id":225,"image_id":142,"category_id":1,"bbox":[239,275,137.5,197.5],"area":27156.25,"segmentation":[],"iscrowd":0},{"id":226,"image_id":142,"category_id":1,"bbox":[240,193,349.5,94],"area":32853,"segmentation":[],"iscrowd":0},{"id":227,"image_id":142,"category_id":1,"bbox":[310,267,330,165],"area":54450,"segmentation":[],"iscrowd":0},{"id":228,"image_id":143,"category_id":1,"bbox":[285,209,165,201],"area":33165,"segmentation":[],"iscrowd":0},{"id":229,"image_id":143,"category_id":1,"bbox":[69,184,315.5,122],"area":38491,"segmentation":[],"iscrowd":0},{"id":230,"image_id":143,"category_id":1,"bbox":[9,60,491,118],"area":57938,"segmentation":[],"iscrowd":0},{"id":231,"image_id":144,"category_id":1,"bbox":[169,218,247.5,313],"area":77467.5,"segmentation":[],"iscrowd":0},{"id":232,"image_id":145,"category_id":1,"bbox":[200,262,230,216.5],"area":49795,"segmentation":[],"iscrowd":0},{"id":233,"image_id":145,"category_id":1,"bbox":[294,183,232,80.5],"area":18676,"segmentation":[],"iscrowd":0},{"id":234,"image_id":146,"category_id":1,"bbox":[197,293,292,193],"area":56356,"segmentation":[],"iscrowd":0},{"id":235,"image_id":147,"category_id":1,"bbox":[120,136,436,258],"area":112488,"segmentation":[],"iscrowd":0},{"id":236,"image_id":148,"category_id":1,"bbox":[339,229,136,234],"area":31824,"segmentation":[],"iscrowd":0},{"id":237,"image_id":148,"category_id":1,"bbox":[12,191,365.5,192],"area":70176,"segmentation":[],"iscrowd":0},{"id":238,"image_id":149,"category_id":1,"bbox":[137,165,329,377],"area":124033,"segmentation":[],"iscrowd":0},{"id":239,"image_id":150,"category_id":1,"bbox":[223,243,171,260.5],"area":44545.5,"segmentation":[],"iscrowd":0},{"id":240,"image_id":150,"category_id":1,"bbox":[345,224,295,184],"area":54280,"segmentation":[],"iscrowd":0},{"id":241,"image_id":151,"category_id":1,"bbox":[80,270,240.5,255.5],"area":61447.75,"segmentation":[],"iscrowd":0},{"id":242,"image_id":151,"category_id":1,"bbox":[259,239,377.5,156.5],"area":59078.75,"segmentation":[],"iscrowd":0},{"id":243,"image_id":152,"category_id":1,"bbox":[159,119,277.5,372.5],"area":103368.75,"segmentation":[],"iscrowd":0},{"id":244,"image_id":153,"category_id":1,"bbox":[230,192,220.5,304.5],"area":67142.25,"segmentation":[],"iscrowd":0},{"id":245,"image_id":153,"category_id":1,"bbox":[4,137,397,167.5],"area":66497.5,"segmentation":[],"iscrowd":0},{"id":246,"image_id":154,"category_id":1,"bbox":[154,271,412,255],"area":105060,"segmentation":[],"iscrowd":0},{"id":247,"image_id":155,"category_id":1,"bbox":[177,327,191.5,200],"area":38300,"segmentation":[],"iscrowd":0},{"id":248,"image_id":155,"category_id":1,"bbox":[259,301,380.5,90],"area":34245,"segmentation":[],"iscrowd":0},{"id":249,"image_id":156,"category_id":1,"bbox":[183,221,245,332.5],"area":81462.5,"segmentation":[],"iscrowd":0},{"id":250,"image_id":157,"category_id":1,"bbox":[73,201,497,177],"area":87969,"segmentation":[],"iscrowd":0},{"id":251,"image_id":158,"category_id":1,"bbox":[131,220,289.5,329],"area":95245.5,"segmentation":[],"iscrowd":0},{"id":252,"image_id":159,"category_id":1,"bbox":[55,226,268,334],"area":89512,"segmentation":[],"iscrowd":0},{"id":253,"image_id":159,"category_id":1,"bbox":[305,197,335,254.5],"area":85257.5,"segmentation":[],"iscrowd":0},{"id":254,"image_id":160,"category_id":1,"bbox":[169,160,257,357.5],"area":91877.5,"segmentation":[],"iscrowd":0},{"id":255,"image_id":161,"category_id":1,"bbox":[160,170,288,318.5],"area":91728,"segmentation":[],"iscrowd":0},{"id":256,"image_id":162,"category_id":1,"bbox":[84,180,332,288],"area":95616,"segmentation":[],"iscrowd":0},{"id":257,"image_id":163,"category_id":1,"bbox":[64,255,264,281],"area":74184,"segmentation":[],"iscrowd":0},{"id":258,"image_id":164,"category_id":1,"bbox":[203,202,273,332.5],"area":90772.5,"segmentation":[],"iscrowd":0},{"id":259,"image_id":165,"category_id":1,"bbox":[114,248,242.5,266],"area":64505,"segmentation":[],"iscrowd":0},{"id":260,"image_id":166,"category_id":1,"bbox":[38,194,269.5,264],"area":71148,"segmentation":[],"iscrowd":0},{"id":261,"image_id":166,"category_id":1,"bbox":[319,189,321,194.5],"area":62434.5,"segmentation":[],"iscrowd":0},{"id":262,"image_id":167,"category_id":1,"bbox":[83,297,210,56],"area":11760,"segmentation":[],"iscrowd":0},{"id":263,"image_id":167,"category_id":1,"bbox":[305,294,126.5,148.5],"area":18785.25,"segmentation":[],"iscrowd":0},{"id":264,"image_id":168,"category_id":1,"bbox":[202,296,302.5,206.5],"area":62466.25,"segmentation":[],"iscrowd":0},{"id":265,"image_id":169,"category_id":1,"bbox":[266,196,232.5,267],"area":62077.5,"segmentation":[],"iscrowd":0},{"id":266,"image_id":169,"category_id":1,"bbox":[7,149,428,128.5],"area":54998,"segmentation":[],"iscrowd":0},{"id":267,"image_id":170,"category_id":1,"bbox":[223,308,280,194],"area":54320,"segmentation":[],"iscrowd":0},{"id":268,"image_id":171,"category_id":1,"bbox":[100,210,241,330],"area":79530,"segmentation":[],"iscrowd":0},{"id":269,"image_id":172,"category_id":1,"bbox":[185,229,221.5,250],"area":55375,"segmentation":[],"iscrowd":0},{"id":270,"image_id":173,"category_id":1,"bbox":[1,115,249.5,351.5],"area":87699.25,"segmentation":[],"iscrowd":0},{"id":271,"image_id":174,"category_id":1,"bbox":[106,221,301,338],"area":101738,"segmentation":[],"iscrowd":0},{"id":272,"image_id":175,"category_id":1,"bbox":[308,181,229,74.5],"area":17060.5,"segmentation":[],"iscrowd":0},{"id":273,"image_id":175,"category_id":1,"bbox":[214,268,216,211],"area":45576,"segmentation":[],"iscrowd":0},{"id":274,"image_id":176,"category_id":1,"bbox":[177,265,237,361],"area":85557,"segmentation":[],"iscrowd":0},{"id":275,"image_id":177,"category_id":1,"bbox":[123,221,243,209.5],"area":50908.5,"segmentation":[],"iscrowd":0},{"id":276,"image_id":177,"category_id":1,"bbox":[322,229,242,223.5],"area":54087,"segmentation":[],"iscrowd":0},{"id":277,"image_id":178,"category_id":1,"bbox":[123,266,273,147],"area":40131,"segmentation":[],"iscrowd":0},{"id":278,"image_id":178,"category_id":1,"bbox":[78,108,375,165],"area":61875,"segmentation":[],"iscrowd":0},{"id":279,"image_id":179,"category_id":1,"bbox":[225,165,245.5,301.5],"area":74018.25,"segmentation":[],"iscrowd":0},{"id":280,"image_id":180,"category_id":1,"bbox":[191,172,241,313],"area":75433,"segmentation":[],"iscrowd":0},{"id":281,"image_id":180,"category_id":1,"bbox":[299,92,341,186],"area":63426,"segmentation":[],"iscrowd":0},{"id":282,"image_id":181,"category_id":1,"bbox":[12,175,304,441.5],"area":134216,"segmentation":[],"iscrowd":0},{"id":283,"image_id":182,"category_id":1,"bbox":[143,276,241.5,145],"area":35017.5,"segmentation":[],"iscrowd":0},{"id":284,"image_id":182,"category_id":1,"bbox":[55,124,373,159.5],"area":59493.5,"segmentation":[],"iscrowd":0}]}